filepath,caption
data/images/001.jpg,"starry sky galaxy, vibrant colors"
data/images/002.jpg,"beautiful sunset beach, cinematic"
data/images/003.jpg,"starry sky galaxy, vibrant colors"
data/images/004.jpg,"cyberpunk neon street, night rain"
data/images/005.jpg,futuristic city skyline at night
data/images/006.jpg,a cat wearing sunglasses
data/images/007.jpg,"beautiful sunset beach, cinematic"
data/images/008.jpg,robot standing in a forest
data/images/009.jpg,"starry sky galaxy, vibrant colors"
data/images/010.jpg,"a cozy coffee shop interior, warm light"
data/images/011.jpg,"beautiful sunset beach, cinematic"
data/images/012.jpg,mountain landscape at sunrise
data/images/013.jpg,library interior with warm lighting
data/images/014.jpg,mountain landscape at sunrise
data/images/015.jpg,a cat wearing sunglasses
data/images/016.jpg,"beautiful sunset beach, cinematic"
data/images/017.jpg,futuristic city skyline at night
data/images/018.jpg,"starry sky galaxy, vibrant colors"
data/images/019.jpg,"cyberpunk neon street, night rain"
data/images/020.jpg,futuristic city skyline at night
data/images/021.jpg,library interior with warm lighting
data/images/022.jpg,robot standing in a forest
data/images/023.jpg,robot standing in a forest
data/images/024.jpg,"a cozy coffee shop interior, warm light"
data/images/025.jpg,"starry sky galaxy, vibrant colors"
data/images/026.jpg,mountain landscape at sunrise
data/images/027.jpg,robot standing in a forest
data/images/028.jpg,"a cozy coffee shop interior, warm light"
data/images/029.jpg,"starry sky galaxy, vibrant colors"
data/images/030.jpg,library interior with warm lighting
data/images/031.jpg,"beautiful sunset beach, cinematic"
data/images/032.jpg,"a cozy coffee shop interior, warm light"
data/images/033.jpg,"cyberpunk neon street, night rain"
data/images/034.jpg,robot standing in a forest
data/images/035.jpg,"a cozy coffee shop interior, warm light"
data/images/036.jpg,futuristic city skyline at night
data/images/037.jpg,"starry sky galaxy, vibrant colors"
data/images/038.jpg,"a cozy coffee shop interior, warm light"
data/images/039.jpg,robot standing in a forest
data/images/040.jpg,"cyberpunk neon street, night rain"
data/images/041.jpg,futuristic city skyline at night
data/images/042.jpg,"starry sky galaxy, vibrant colors"
data/images/043.jpg,robot standing in a forest
data/images/044.jpg,"beautiful sunset beach, cinematic"
data/images/045.jpg,"beautiful sunset beach, cinematic"
data/images/046.jpg,futuristic city skyline at night
data/images/047.jpg,library interior with warm lighting
data/images/048.jpg,robot standing in a forest
data/images/049.jpg,temple surrounded by mist
data/images/050.jpg,library interior with warm lighting
data/images/051.jpg,"a cozy coffee shop interior, warm light"
data/images/052.jpg,futuristic city skyline at night
data/images/053.jpg,temple surrounded by mist
data/images/054.jpg,library interior with warm lighting
data/images/055.jpg,"beautiful sunset beach, cinematic"
data/images/056.jpg,mountain landscape at sunrise
data/images/057.jpg,"a cozy coffee shop interior, warm light"
data/images/058.jpg,futuristic city skyline at night
data/images/059.jpg,"cyberpunk neon street, night rain"
data/images/060.jpg,temple surrounded by mist
data/images/061.jpg,robot standing in a forest
data/images/062.jpg,a cat wearing sunglasses
data/images/063.jpg,a cat wearing sunglasses
data/images/064.jpg,robot standing in a forest
data/images/065.jpg,"cyberpunk neon street, night rain"
data/images/066.jpg,a cat wearing sunglasses
data/images/067.jpg,"starry sky galaxy, vibrant colors"
data/images/068.jpg,robot standing in a forest
data/images/069.jpg,"beautiful sunset beach, cinematic"
data/images/070.jpg,"starry sky galaxy, vibrant colors"
data/images/071.jpg,a cat wearing sunglasses
data/images/072.jpg,library interior with warm lighting
data/images/073.jpg,"cyberpunk neon street, night rain"
data/images/074.jpg,a cat wearing sunglasses
data/images/075.jpg,"a cozy coffee shop interior, warm light"
data/images/076.jpg,"starry sky galaxy, vibrant colors"
data/images/077.jpg,robot standing in a forest
data/images/078.jpg,library interior with warm lighting
data/images/079.jpg,robot standing in a forest
data/images/080.jpg,a cat wearing sunglasses
data/images/081.jpg,a cat wearing sunglasses
data/images/082.jpg,robot standing in a forest
data/images/083.jpg,mountain landscape at sunrise
data/images/084.jpg,mountain landscape at sunrise
data/images/085.jpg,library interior with warm lighting
data/images/086.jpg,"cyberpunk neon street, night rain"
data/images/087.jpg,"cyberpunk neon street, night rain"
data/images/088.jpg,futuristic city skyline at night
data/images/089.jpg,temple surrounded by mist
data/images/090.jpg,mountain landscape at sunrise
data/images/091.jpg,a cat wearing sunglasses
data/images/092.jpg,temple surrounded by mist
data/images/093.jpg,futuristic city skyline at night
data/images/094.jpg,"beautiful sunset beach, cinematic"
data/images/095.jpg,mountain landscape at sunrise
data/images/096.jpg,library interior with warm lighting
data/images/097.jpg,a cat wearing sunglasses
data/images/098.jpg,"cyberpunk neon street, night rain"
data/images/099.jpg,library interior with warm lighting
data/images/100.jpg,temple surrounded by mist
